Question,Option A,Option B,Option C,Option D,Correct Answer,Explanation
What is the present value formula in terms of the future value (FV) and interest rate (r)?,Option A: PV = FV / (1 + r),Option B: PV = FV x (1 + r),Option C: PV = FV / r,Option D: PV = FV x r,Option A,The present value (PV) is calculated by dividing the future value (FV) by (1 + r) based on the time value of money principle mentioned in the data. This formula represents the equivalence of current and future currency amounts based on the interest rate.
The cash conversion cycle for the company is closest to:,Option A: 57 days.,Option B: 85 days.,Option C: 113 days.,Option D: 43 days.,Option B,"The cash conversion cycle is calculated as Days of Receivables + Days of Inventory - Days of Payables. Plugging in the given values, we get 48 + 37 - 28 = 85 days."
"The only difference between the two projects is that Project 1 is expected to receive larger cash flows early in the life of the project, while Project 2 is expected to receive larger cash flows late in the life of the project. The slope of the NPV profile for Project 1 when compared to the slope of the NPV profile for Project 2 is most likely:",Option A: equal.,Option B: flatter.,Option C: steeper.,Option D: unpredictable.,Option C,"Since Project 1 receives larger cash flows early, it will have a steeper NPV profile compared to Project 2, which receives larger cash flows later."
"Using the bond-yield-plus-risk-premium approach, the cost of equity for the company is closest to:",Option A: 10.6%.,Option B: 12.0%.,Option C: 16.3%.,Option D: 11.5%.,Option A,"Cost of Equity = Risk-Free Rate + Beta * Equity Risk Premium. Plugging in the values, Cost of Equity = 3.0% + 1.6 * 6.0% = 10.6%."
"A company’s $100 par perpetual preferred stock has a dividend rate of 7 percent and a required rate of return of 11 percent. The company’s earnings are expected to grow at a constant rate of 3 percent per year. If the market price per share for the preferred stock is $75, the preferred stock is most appropriately described as being:",Option A: overvalued by $11.36.,Option B: undervalued by $15.13.,Option C: undervalued by $36.36.,Option D: overvalued by $9.74.,Option B,"The price should be calculated as Dividend / (Required Rate of Return - Growth Rate), which gives $100 * 7% / (11% - 3%) = $75. Therefore, the stock is undervalued by $15.13."
An analyst gathers the following information about two companies for the year ending 31 December 2008:,Option A: lower.,Option B: greater.,Option C: the same.,Option D: unrelated to the data.,Option A,"Higher return on assets and lower financial leverage in Company 1 may indicate better utilization of assets, potentially leading to a higher growth rate compared to Company 2."
"What is the joint probability of events A and B, given that the probability of event A is 60% and the probability of event B is 50%?",Option A: 30.0%,Option B: 53.3%,Option C: 64.0%,Option D: 70.0%,Option C,The joint probability of events A and B is calculated as P(AB) = 32%. The conditional probability of A given that B has occurred is P(A|B) = P(AB) / P(B) = 32% / 50% = 64.0%.
"Under which measurement scale is data categorized, but not ranked?",Option A: An ordinal scale.,Option B: A nominal scale.,Option C: An interval scale.,Option D: A ratio scale.,Option B,"Data is categorized, but not ranked under a nominal scale. An ordinal scale ranks data, while an interval scale ranks data and separates by equal intervals."
What does a firm experience when its long-run average cost of production increases by 15% due to an 8% increase in production?,Option A: Economies of scale.,Option B: Diseconomies of scale.,Option C: Constant returns to scale.,Option D: Economies of scope.,Option B,"A firm experiences diseconomies of scale when long-term average production costs rise faster than increases in production, leading to an upward sloping LRAC curve."
"If a company has a debt-to-equity ratio of 1.25, and all convertible bonds are converted into shares, what is the company's debt-capital ratio closest to?",Option A: 42.5%,Option B: 44.4%,Option C: 80.0%,Option D: 50.0%,Option B,"To calculate the debt-capital ratio, find the value of converted bonds and add it to the existing debt. Then, divide this total debt by the sum of the converted bonds plus shareholder's equity to get the debt-capital ratio."
"In finance, what does the Debt/Total capital ratio indicate for a company?",Option A: It will improve.,Option B: It will deteriorate.,Option C: It will remain unchanged.,Option D: It will be irrelevant.,Option B,"The Debt/Total capital ratio will deteriorate if the Debt increases more than the Equity (the denominator) in the ratio, resulting in a higher percentage of debt in the capital structure."
An analyst has calculated the following ratios for a company:,Option A: 57 days.,Option B: 85 days.,Option C: 113 days.,Option D: 40 days.,Option A,"The cash conversion cycle is calculated by adding the number of days of inventory and the number of days of receivables then subtracting the number of days of payables. In this case, it would be 48 (receivables) + 37 (inventory) - 28 (payables) = 57 days."
"An analyst is developing net present value (NPV) profiles for two investment projects. The only difference between the two projects is that Project 1 is expected to receive larger cash flows early in the life of the project, while Project 2 is expected to receive larger cash flows late in the life of the project. The slope of the NPV profile for Project 1 when compared to the slope of the NPV profile for Project 2 is most likely:",Option A: equal.,Option B: flatter.,Option C: steeper.,Option D: varying.,Option B,"A delay in the receipt of cash flows will make the project's net present value more sensitive to changes in the discount rate, resulting in a steeper slope in the NPV profile. Therefore, Project 1, which receives larger cash flows early on, will have a flatter NPV profile compared to Project 2."
A company wants to determine the cost of equity to use in the calculation of its weighted average cost of capital. The CFO has gathered the following information:,Option A: 10.6%,Option B: 12.0%,Option C: 16.3%,Option D: 13.8%,Option C,"The cost of equity using the bond-yield-plus-risk-premium approach is calculated by adding the company's after-tax cost of debt and the risk premium of equity over debt. After calculating the before-tax cost of debt, the cost of equity is determined to be 16.3%."
"Based on the information provided about the dividend discount model (DDM), what does the value of perpetual preferred stock represent?",Option A: The future value of the stock,Option B: The discounted value of all future dividend payments,Option C: The current market value of the stock,Option D: The dividend divided by the investor's required rate of return,Option D,The value of perpetual preferred stock is calculated by dividing the annual dividend by the investor's required rate of return.
"According to the provided data, how is the expected growth rate of Company 1 compared to Company 2 determined?",Option A: By analyzing the dividend payout ratio,Option B: By evaluating the return on assets,Option C: By calculating the financial leverage,Option D: By considering the Return on Equity (ROE) and the Retention rate,Option D,"The expected growth rate for each company is calculated based on the Return on Equity (ROE) and the Retention rate, which in turn are determined by the return on assets, financial leverage, and payout ratio."
Which behavioral bias is exemplified when an equity analyst tends to misvalue the stocks of popular companies she has recommended and the fund already owns?,Option A: Escalation bias,Option B: Prospect theory,Option C: Confirmation bias,Option D: Overconfidence bias,Option C,"The mentioned behavior of the equity analyst aligns with the confirmation bias, where there is a tendency to look for information that supports prior opinions and decisions, leading to misvaluing stocks of popular companies."
"In order to minimize prepayment risk in a portfolio of mortgage securities, a portfolio manager is most likely to invest in which type of securities?",Option A: Mortgage loans,Option B: Mortgage passthrough securities,Option C: Collateralized mortgage obligations,Option D: Corporate Bonds,Option C,"Collateralized mortgage obligations (CMOs) are structured to redistribute prepayment risk, providing protection from early principal repayments and helping to minimize prepayment risk in a mortgage securities portfolio."
"For an out-of-the-money American call option on a stock where the stock price is below the call option strike price, what is the likely value of the time value component of the option?",Option A: Zero,Option B: A positive amount,Option C: A negative amount,Option D: Undetermined,Option B,The time value of an American call option is likely to be positive in this scenario since the option will sell for more than its intrinsic value due to the remaining time until expiration.
What is a primary motivation for investing in commodities based on the data provided?,Option A: Positive correlation of commodities with unexpected inflation.,Option B: Positive correlation of commodities with stock and bond investments.,Option C: Positive volatility of commodities relative to stock and bond investments.,Option D: Negative correlation of commodities with stock and bond investments.,Option A,"According to the data, a primary motivation for investing in commodities is the positive correlation of commodities with unexpected inflation, providing diversification benefits."
Which of the following statements regarding the Markowitz efficient frontier is least likely to be correct based on the given information? The optimal portfolio for:,Option A: An investor is the portfolio that lies on the efficient frontier and provides her with the greatest level of utility.,Option B: An investor is found at the point of tangency between the efficient frontier and an investor’s highest utility curve.,Option C: A more risk-averse investor will lie inside the efficient frontier but will lie outside the efficient frontier for a less risk-averse investor.,Option D: The optimal portfolio is different for each investor based on their risk aversion levels.,Option C,"As per the data, the optimal portfolio will differ for investors with varying risk aversion levels but will always lie on the efficient frontier, not inside or outside the curve."
"To best comply with the CFA Institute Standards of Professional Conduct (the Standards) related to performance presentation, Somer should modify the:",Option A: text regarding Somer’s investment returns.,Option B: presentation of the performance for Karibe’s representative composite.,Option C: content of the disclosure statement related to assumptions and calculations.,Option D: social media post about the famous athlete.,Option B,Somer should modify the presentation of the performance for Karibe’s representative composite to comply with the CFA Institute Standards of Professional Conduct. It is important to accurately represent the performance data of client accounts following specific investment strategies. Ensuring transparency and accuracy in performance disclosures is essential in maintaining trust with clients and meeting ethical standards.
"When preparing the marketing materials for the quantitative strategy, did Somer comply with the standard related to communication with clients and prospective clients?",Option A: Yes.,"Option B: No, because he did not identify the risk of coding errors.","Option C: No, because he did not describe the investment process in detail.","Option D: No, because he did not explain the market trends.",Option A,Somer complied with the standard related to communication with clients and prospective clients by ensuring proper communication without any identified deficiencies or non-compliance.
"If he fills the client’s order for shares of the technology firm, would Somer violate the standard related to priority of transactions?",Option A: No.,"Option B: Yes, because the client would be disadvantaged by the trade.","Option C: Yes, because he would benefit personally from a trade undertaken for a client.","Option D: Yes, because he did not disclose the potential conflicts of interest.",Option A,Somer would not violate the standard related to priority of transactions as there is no indication that the order fulfillment for shares of the technology firm would lead to any unethical disadvantage to the client.
What is the meaning of the stated annual interest rate?,Option A: The interest rate including all premiums for risk compensation.,Option B: The interest rate that incorporates compounding within the year.,Option C: The interest rate divided by the number of compounding periods per year.,Option D: The quoted interest rate that does not account for compounding within the year.,Option D,"The stated annual interest rate is a quoted interest rate that does not account for compounding within the year, according to the provided data. It is a simple annual rate mentioned without considering compounding effects."
What is the most appropriate method for estimating the intrinsic value of OceanFront based on the provided case information?,Option A: P/AFFO.,Option B: Net asset value.,Option C: Discounted cash flow.,Option D: Return on investment.,Option B,"Net asset value (NAV) is the most appropriate method for estimating the intrinsic value of OceanFront as it explicitly considers factors such as ""land held for future development"" and is not impacted by changes in dividends, which aligns with the recent acquisitions of land by OceanFront for development projects mentioned in the case."
"If the client implements Rousseau’s recommendation, what is the most likely effect on the number of gold futures contracts in his portfolio?",Option A: Decrease.,Option B: Stay the same.,Option C: Increase.,Option D: Fluctuate.,Option A,"The number of gold futures contracts in the client's portfolio will likely decrease if Rousseau's recommendation is implemented due to the current situation of gold futures being in contango, where fewer contracts would be required to maintain the same dollar exposure in gold futures as explained in the provided data."
How is the effective annual rate defined in the context of time value of money?,Option A: The effective annual rate accounts for compounding within the year.,Option B: The effective annual rate is identical to the stated annual interest rate.,Option C: The effective annual rate does not include interest on interest.,Option D: The effective annual rate is the present value factor.,Option A,"The effective annual rate considers compounding within the year, capturing the impact of interest on interest over the course of a year."
What distinguishes an annuity due from an ordinary annuity in financial terms?,Option A: An annuity due has a negative first cash flow.,Option B: An annuity due has a higher future value factor.,Option C: An ordinary annuity has its first cash flow occurring immediately.,Option D: An ordinary annuity involves higher risk premiums.,Option C,"An annuity due has a first cash flow that occurs immediately, while an ordinary annuity has a first cash flow that begins one period from the present."
How is the present value of a perpetuity calculated based on the provided information?,Option A: The present value of a perpetuity equals the future value times the present value factor.,"Option B: The present value of a perpetuity is calculated as A * r, where A is the periodic payment.",Option C: The present value of a perpetuity considers risk premiums for annuities.,Option D: The present value of a perpetuity involves the future value factor.,Option B,"The present value of a perpetuity is computed as the periodic payment divided by the interest rate (A/r), representing the value at present of an infinite series of future cash flows."
How can the cash flow additivity principle be applied in handling financial problems with uneven cash flows?,Option A: By separating annuities from single payments and applying them in isolation.,Option B: By ignoring the effect of premiums on future value calculations.,Option C: By treating single payments and annuities as independent components.,Option D: By not considering the time value of money in the analysis.,Option A,"The cash flow additivity principle suggests combining single payments and annuities separately to simplify problem-solving, allowing for a more systematic approach in considering the time value of money for each cash flow."
"To best comply with the CFA Institute Standards of Professional Conduct related to performance presentation, Somer should modify the:",Option A: text regarding Somer’s investment returns.,Option B: presentation of the performance for Karibe’s representative composite.,Option C: content of the disclosure statement related to assumptions and calculations.,Option D: marketing materials describing the new investment strategy.,Option B,The CFA Institute Standards of Professional Conduct require accurate and fair representation of performance for composite accounts. Somer should ensure that the presentation of the performance for Karibe's representative composite adheres to these standards.
Does Somer’s social media post result in a violation of the Standards?,Option A: No,"Option B: Yes, he violates the standard related to preservation of confidentiality","Option C: Yes, he violates the standard related to communication with clients and prospective clients","Option D: Yes, he violates the standard related to misconduct",Option C,"Somer's social media post could be seen as a violation of the CFA Institute Standards of Professional Conduct related to communication with clients and prospective clients. By not clarifying the misunderstanding created by the post, there is a risk of misleading readers about his affiliation with the mentioned client."
"In the context of the time value of money and financial analysis, what does the present value of a perpetuity represent?",Option A: The future value of a perpetual cash flow stream,Option B: The present value of a never-ending stream of level periodic cash flows,Option C: The future value of a finite set of equal cash flows,Option D: The present value of an annuity due's periodic payments,Option B,The present value of a perpetuity represents the present value of a never-ending stream of level periodic cash flows that will continue indefinitely.
What is the relationship between the interest rate and future value in time value of money calculations?,Option A: The interest rate is used to calculate the present value.,Option B: The interest rate determines the periodic rate for compounding.,Option C: The interest rate calculates the maturity premium for future cash flows.,Option D: The interest rate is multiplied by the present value to get the future value.,Option A,The interest rate (r) is used in time value of money calculations to determine the future value based on the present value and the future value factor (1 + r)^N.
Which high-yield credit market from Exhibit 2 would be expected to perform best in the near term?,Option A: Market 1,Option B: Market 2,Option C: Market 3,Option D: Market 1 and Market 3,Option B,Market 2 with a high concentration of BB-rated bonds is likely to perform the best in the near term due to higher credit quality compared to the other markets with CCC-rated bonds.
How does the credit quality of high-yield bonds impact the expected supply of newly issued bonds in Exhibit 2?,Option A: High credit quality results in higher supply of newly issued bonds.,Option B: Low credit quality drives high supply of newly issued bonds.,Option C: Credit quality does not affect the supply of newly issued bonds.,Option D: Credit quality and supply are negatively correlated.,Option B,"The credit quality of high-yield bonds impacts the supply of newly issued bonds, with Market 1 having a high supply due to a high concentration of CCC-rated bonds and Market 2 having low supply due to a high concentration of BB-rated bonds."
Which structured financial instrument would best address the preferences of Apollo's client?,Option A: Covered bonds,Option B: Asset-backed securities,Option C: Collateralized debt obligations,Option D: Collateralized mortgage obligations,Option A,"Covered bonds offer exposure to financial sector debt with additional credit protection, making them suitable for Apollo's client preferences."
What is the future value factor formula based on the provided data?,Option A: FV = PV * (1 + r)^N,Option B: FV = PV / (1 + r)^N,Option C: FV = PV * (1 - r)^N,Option D: FV = PV / (1 - r)^N,Option A,"The future value, FV, is calculated as the present value, PV, times the future value factor, (1 + r)^N, according to the provided data."
How is the periodic rate defined in the context of interest rates based on the provided data?,Option A: It is the interest rate that applies only for a single compounding period.,Option B: It is the interest rate that applies beyond one compounding period.,Option C: It is the sum of all premiums compensating lenders for risk.,Option D: It is the future value times the present value factor.,Option A,"The periodic rate is the quoted interest rate per period; it equals the stated annual interest rate divided by the number of compounding periods per year, as described in the provided data."
What is the formula for calculating the present value of a perpetuity based on the provided data?,Option A: PV = A * r,Option B: PV = A / r,Option C: PV = A + r,Option D: PV = A - r,Option B,"The present value of a perpetuity is represented as A / r, where A is the periodic payment to be received forever, as per the information given."
Did Somer comply with the standard related to communication with clients and prospective clients when preparing marketing materials for the quantitative strategy?,Option A: Yes,"Option B: No, because he did not identify the risk of coding errors","Option C: No, because he did not describe the investment process in detail","Option D: Yes, but some potential candidates may misinterpret his communication",Option A,"Somer did comply with the standard related to communication as he provided sufficient information about the basic process and logic of his factor-based strategy, as required by the standard, according to the provided data."
"What is the relationship between interest rate changes and credit spread changes in non-callable, fixed-rate corporate bonds?",Option A: Interest rate changes have no effect on credit spread changes.,Option B: Interest rate changes and credit spread changes are inversely related.,Option C: Interest rate changes and credit spread changes have almost identical effects.,Option D: Interest rate changes have a greater impact on credit spread changes.,Option C,"For non-callable, fixed-rate corporate bonds, interest rate changes and credit spread changes have almost identical effects. This results in spread duration being very close to modified duration for these types of bonds."
"In the calculation of expected 6-month excess return for a bond, what does 't' represent?",Option A: The expected annual credit loss,Option B: The holding period expressed in fractions of a year,Option C: The change in credit spread during the holding period,Option D: The spread at the beginning of the holding period,Option B,'t' represents the holding period expressed in fractions of a year in the formula for calculating the expected excess return for a bond over a specific time period.
Which type of credit market would likely perform best in the near term in a bullish global environment?,Option A: Market 1,Option B: Market 2,Option C: Market 3,Option D: Market 4,Option C,"Market 3, with high concentration in lower-rated high-yield bonds and lower expected supply, would be expected to perform best in a bullish global environment compared to other credit markets."
Which of the following structured financial instruments would best address the preferences of Apollo's client?,Option A: Covered bonds,Option B: Asset-backed securities,Option C: Collateralized debt obligations,Option D: Mutual funds,Option A,"Covered bonds provide more than one source of credit protection, offering dual protection for creditors in the event of default against both the financial institution and the assets in the cover pool. This dual protection lowers credit risks and typically offers lower yields compared to similar corporate bonds or ABS."
Which type of random variable takes on a countable number of possible outcomes that can be listed explicitly?,Option A: Continuous random variable,Option B: Discrete random variable,Option C: Multivariate random variable,Option D: Normal random variable,Option B,A discrete random variable takes on at most a countable number of possible outcomes that can be listed explicitly.
"In the context of portfolio optimization and shortfall risk, according to Roy’s safety-first criterion, what is the optimal portfolio that minimizes the probability of the portfolio's return falling below a threshold level?",Option A: Portfolio with the highest return,Option B: Portfolio with the lowest volatility,Option C: Portfolio with maximum diversification,Option D: Portfolio that maximizes [E(RP) - RL]/σP,Option D,"According to Roy’s safety-first criterion, the optimal portfolio is the one that maximizes the quantity [E(RP) − RL] / σP, where RL is the minimum acceptable level of return."
"When a random variable follows a lognormal distribution, what is the characteristic of the distribution in terms of its skewness and lower bound?",Option A: Left-skewed with upper bound at zero,Option B: Symmetric with lower bound at zero,Option C: Right-skewed with upper bound at zero,Option D: Symmetric with lower bound at 0 and a long right tail,Option D,"The lognormal distribution is bounded below by 0 and skewed to the right, characterized by a long right tail."
What method involves generating a large number of random samples from specified probability distributions to represent the operation of risk in a financial system?,Option A: Sensitivity analysis,Option B: Time-series analysis,Option C: Monte Carlo simulation,Option D: Regression analysis,Option C,"Monte Carlo simulation involves generating random samples from specified probability distributions to represent risk in a system, commonly used in valuing complex securities and financial risk management."
